,Building,Actual_Enrl,Latitude,Longitude,Days,Start_Time,End_Time
0,AB,7,679061.0449,7642575.336,R,8,12
1,AB,16,679061.0449,7642575.336,M,9,11
2,AB,169,679061.0449,7642575.336,MW,9,11
3,AB,126,679061.0449,7642575.336,TR,9,11
4,AB,16,679061.0449,7642575.336,TRF,9,11
5,AB,16,679061.0449,7642575.336,TR,10,11
6,AB,6,679061.0449,7642575.336,F,10,12
7,AB,11,679061.0449,7642575.336,W,12,13
8,AB,39,679061.0449,7642575.336,MW,12,14
9,AB,2,679061.0449,7642575.336,M,13,14
10,AB,40,679061.0449,7642575.336,MW,13,14
11,AB,32,679061.0449,7642575.336,TR,14,15
12,AB,97,679061.0449,7642575.336,MW,14,16
13,AB,186,679061.0449,7642575.336,TR,14,16
14,AB,8,679061.0449,7642575.336,W,14,16
15,AB,30,679061.0449,7642575.336,MW,15,16
16,AB,21,679061.0449,7642575.336,TR,15,17
17,AB,31,679061.0449,7642575.336,TR,16,17
18,AB,54,679061.0449,7642575.336,MW,18,19
19,AB,5,679061.0449,7642575.336,W,18,19
20,AB,76,679061.0449,7642575.336,MW,18,20
21,AB,38,679061.0449,7642575.336,R,18,20
22,AB,15,679061.0449,7642575.336,T,18,20
23,AB,76,679061.0449,7642575.336,TR,18,20
24,AB,24,679061.0449,7642575.336,MW,18,21
25,AB,35,679061.0449,7642575.336,TR,18,21
26,ASRC,14,680048.9653,7642730.147,TR,8,8
27,ASRC,17,680048.9653,7642730.147,F,8,9
28,ASRC,42,680048.9653,7642730.147,TR,8,9
29,ASRC,57,680048.9653,7642730.147,MW,8,10
30,ASRC,42,680048.9653,7642730.147,R,8,11
31,ASRC,24,680048.9653,7642730.147,MW,9,9
32,ASRC,4,680048.9653,7642730.147,TR,9,9
33,ASRC,10,680048.9653,7642730.147,F,9,10
34,ASRC,102,680048.9653,7642730.147,M,9,11
35,ASRC,90,680048.9653,7642730.147,W,9,11
36,ASRC,38,680048.9653,7642730.147,F,9,12
37,ASRC,35,680048.9653,7642730.147,TR,10,10
38,ASRC,314,680048.9653,7642730.147,MW,10,11
39,ASRC,402,680048.9653,7642730.147,TR,10,11
40,ASRC,47,680048.9653,7642730.147,W,10,13
41,ASRC,27,680048.9653,7642730.147,TR,11,11
42,ASRC,27,680048.9653,7642730.147,MW,11,12
43,ASRC,43,680048.9653,7642730.147,F,11,13
44,ASRC,43,680048.9653,7642730.147,R,11,13
45,ASRC,84,680048.9653,7642730.147,R,12,12
46,ASRC,28,680048.9653,7642730.147,TR,12,12
47,ASRC,84,680048.9653,7642730.147,MW,12,13
48,ASRC,57,680048.9653,7642730.147,MWF,12,13
49,ASRC,84,680048.9653,7642730.147,T,12,13
50,ASRC,304,680048.9653,7642730.147,TR,12,13
51,ASRC,21,680048.9653,7642730.147,TR,13,13
52,ASRC,128,680048.9653,7642730.147,M,13,15
53,ASRC,62,680048.9653,7642730.147,T,13,15
54,ASRC,133,680048.9653,7642730.147,W,13,15
55,ASRC,16,680048.9653,7642730.147,F,13,16
56,ASRC,44,680048.9653,7642730.147,R,13,16
57,ASRC,28,680048.9653,7642730.147,TR,14,14
58,ASRC,248,680048.9653,7642730.147,MW,14,15
59,ASRC,38,680048.9653,7642730.147,MWF,14,15
60,ASRC,27,680048.9653,7642730.147,R,14,15
61,ASRC,27,680048.9653,7642730.147,T,14,15
62,ASRC,272,680048.9653,7642730.147,TR,14,15
63,ASRC,42,680048.9653,7642730.147,MW,15,15
64,ASRC,41,680048.9653,7642730.147,MWF,15,16
65,ASRC,28,680048.9653,7642730.147,T,15,17
66,ASRC,28,680048.9653,7642730.147,R,16,16
67,ASRC,55,680048.9653,7642730.147,M,16,17
68,ASRC,21,680048.9653,7642730.147,T,16,17
69,ASRC,26,680048.9653,7642730.147,W,16,17
70,ASRC,52,680048.9653,7642730.147,MW,16,18
71,ASRC,101,680048.9653,7642730.147,TR,16,18
72,ASRC,20,680048.9653,7642730.147,M,17,18
73,ASRC,41,680048.9653,7642730.147,R,17,19
74,ASRC,85,680048.9653,7642730.147,M,17,20
75,ASRC,67,680048.9653,7642730.147,R,17,20
76,ASRC,99,680048.9653,7642730.147,T,17,20
77,ASRC,44,680048.9653,7642730.147,TR,17,20
78,ASRC,109,680048.9653,7642730.147,W,17,20
79,ASRC,54,680048.9653,7642730.147,M,17,21
80,ASRC,37,680048.9653,7642730.147,T,17,21
81,ASRC,88,680048.9653,7642730.147,W,17,21
82,ASRC,42,680048.9653,7642730.147,TR,18,20
83,ASRC,55,680048.9653,7642730.147,M,18,21
84,ASRC,38,680048.9653,7642730.147,W,18,21
85,BDWY,25,679425.7388,7642141.895,MWF,7,8
86,BDWY,45,679425.7388,7642141.895,T,8,9
87,BDWY,52,679425.7388,7642141.895,TR,8,9
88,BDWY,107,679425.7388,7642141.895,MWF,9,10
89,BDWY,118,679425.7388,7642141.895,MWF,10,11
90,BDWY,118,679425.7388,7642141.895,TR,10,11
91,BDWY,47,679425.7388,7642141.895,MWF,11,12
92,BDWY,6,679425.7388,7642141.895,F,12,13
93,BDWY,38,679425.7388,7642141.895,MW,12,13
94,BDWY,72,679425.7388,7642141.895,MWF,12,13
95,BDWY,23,679425.7388,7642141.895,R,12,13
96,BDWY,25,679425.7388,7642141.895,T,12,13
97,BDWY,106,679425.7388,7642141.895,TR,12,13
98,BDWY,39,679425.7388,7642141.895,MW,14,15
99,BDWY,59,679425.7388,7642141.895,MWF,14,15
100,BDWY,147,679425.7388,7642141.895,TR,14,15
101,BDWY,17,679425.7388,7642141.895,MWF,15,17
102,BDWY,30,679425.7388,7642141.895,TR,16,17
103,BDWY,51,679425.7388,7642141.895,M,16,18
104,BDWY,17,679425.7388,7642141.895,MW,16,18
105,BDWY,100,679425.7388,7642141.895,TR,16,18
106,BDWY,15,679425.7388,7642141.895,W,16,20
107,BDWY,18,679425.7388,7642141.895,M,17,19
108,BDWY,20,679425.7388,7642141.895,W,17,19
109,BDWY,32,679425.7388,7642141.895,W,17,21
110,BDWY,6,679425.7388,7642141.895,W,18,19
111,BDWY,33,679425.7388,7642141.895,TR,18,20
112,BDWY,50,679425.7388,7642141.895,M,18,21
113,BDWY,31,679425.7388,7642141.895,T,18,21
114,BDWY,25,679425.7388,7642141.895,W,19,21
115,CH,10,680507.4184,7642314.425,M,8,8
116,CH,48,680507.4184,7642314.425,MW,8,8
117,CH,37,680507.4184,7642314.425,TR,8,8
118,CH,11,680507.4184,7642314.425,W,8,8
119,CH,19,680507.4184,7642314.425,M,8,9
120,CH,117,680507.4184,7642314.425,MW,8,9
121,CH,54,680507.4184,7642314.425,R,8,9
122,CH,408,680507.4184,7642314.425,T,8,9
123,CH,466,680507.4184,7642314.425,TR,8,9
124,CH,32,680507.4184,7642314.425,W,8,9
125,CH,407,680507.4184,7642314.425,MW,8,10
126,CH,8,680507.4184,7642314.425,M,8,11
127,CH,20,680507.4184,7642314.425,T,8,11
128,CH,11,680507.4184,7642314.425,W,8,12
129,CH,10,680507.4184,7642314.425,M,9,9
130,CH,45,680507.4184,7642314.425,MW,9,9
131,CH,88,680507.4184,7642314.425,MWF,9,9
132,CH,22,680507.4184,7642314.425,T,9,9
133,CH,46,680507.4184,7642314.425,TR,9,9
134,CH,10,680507.4184,7642314.425,W,9,9
135,CH,60,680507.4184,7642314.425,M,9,10
136,CH,243,680507.4184,7642314.425,MW,9,10
137,CH,405,680507.4184,7642314.425,MWF,9,10
138,CH,11,680507.4184,7642314.425,R,9,10
139,CH,11,680507.4184,7642314.425,T,9,10
140,CH,223,680507.4184,7642314.425,TR,9,10
141,CH,9,680507.4184,7642314.425,M,9,11
142,CH,17,680507.4184,7642314.425,MWF,9,11
143,CH,12,680507.4184,7642314.425,R,9,11
144,CH,23,680507.4184,7642314.425,W,9,11
145,CH,77,680507.4184,7642314.425,F,9,12
146,CH,12,680507.4184,7642314.425,M,10,10
147,CH,24,680507.4184,7642314.425,MTWRF,10,10
148,CH,63,680507.4184,7642314.425,MW,10,10
149,CH,34,680507.4184,7642314.425,R,10,10
150,CH,35,680507.4184,7642314.425,T,10,10
151,CH,60,680507.4184,7642314.425,TR,10,10
152,CH,12,680507.4184,7642314.425,W,10,10
153,CH,19,680507.4184,7642314.425,F,10,11
154,CH,19,680507.4184,7642314.425,M,10,11
155,CH,289,680507.4184,7642314.425,MW,10,11
156,CH,393,680507.4184,7642314.425,MWF,10,11
157,CH,90,680507.4184,7642314.425,R,10,11
158,CH,185,680507.4184,7642314.425,T,10,11
159,CH,1100,680507.4184,7642314.425,TR,10,11
160,CH,17,680507.4184,7642314.425,W,10,11
161,CH,112,680507.4184,7642314.425,F,10,12
162,CH,25,680507.4184,7642314.425,MW,10,12
163,CH,16,680507.4184,7642314.425,MWF,10,12
164,CH,10,680507.4184,7642314.425,T,10,12
165,CH,46,680507.4184,7642314.425,W,10,12
166,CH,33,680507.4184,7642314.425,M,11,11
167,CH,47,680507.4184,7642314.425,MW,11,11
168,CH,23,680507.4184,7642314.425,R,11,11
169,CH,23,680507.4184,7642314.425,T,11,11
170,CH,73,680507.4184,7642314.425,TR,11,11
171,CH,35,680507.4184,7642314.425,W,11,11
172,CH,12,680507.4184,7642314.425,M,11,12
173,CH,406,680507.4184,7642314.425,MW,11,12
174,CH,503,680507.4184,7642314.425,MWF,11,12
175,CH,253,680507.4184,7642314.425,TR,11,12
176,CH,7,680507.4184,7642314.425,W,11,12
177,CH,15,680507.4184,7642314.425,F,11,14
178,CH,31,680507.4184,7642314.425,F,11,15
179,CH,74,680507.4184,7642314.425,MW,12,12
180,CH,29,680507.4184,7642314.425,T,12,12
181,CH,59,680507.4184,7642314.425,TR,12,12
182,CH,23,680507.4184,7642314.425,W,12,12
183,CH,55,680507.4184,7642314.425,F,12,13
184,CH,22,680507.4184,7642314.425,M,12,13
185,CH,583,680507.4184,7642314.425,MW,12,13
186,CH,568,680507.4184,7642314.425,MWF,12,13
187,CH,62,680507.4184,7642314.425,R,12,13
188,CH,64,680507.4184,7642314.425,T,12,13
189,CH,1080,680507.4184,7642314.425,TR,12,13
190,CH,20,680507.4184,7642314.425,F,12,15
191,CH,30,680507.4184,7642314.425,T,12,16
192,CH,12,680507.4184,7642314.425,M,13,13
193,CH,79,680507.4184,7642314.425,MW,13,13
194,CH,48,680507.4184,7642314.425,R,13,13
195,CH,57,680507.4184,7642314.425,T,13,13
196,CH,57,680507.4184,7642314.425,TR,13,13
197,CH,11,680507.4184,7642314.425,W,13,13
198,CH,25,680507.4184,7642314.425,F,13,14
199,CH,25,680507.4184,7642314.425,W,13,14
200,CH,50,680507.4184,7642314.425,M,14,14
201,CH,84,680507.4184,7642314.425,MW,14,14
202,CH,37,680507.4184,7642314.425,R,14,14
203,CH,65,680507.4184,7642314.425,T,14,14
204,CH,49,680507.4184,7642314.425,TR,14,14
205,CH,36,680507.4184,7642314.425,W,14,14
206,CH,58,680507.4184,7642314.425,F,14,15
207,CH,69,680507.4184,7642314.425,M,14,15
208,CH,913,680507.4184,7642314.425,MW,14,15
209,CH,157,680507.4184,7642314.425,MWF,14,15
210,CH,98,680507.4184,7642314.425,R,14,15
211,CH,22,680507.4184,7642314.425,T,14,15
212,CH,1171,680507.4184,7642314.425,TR,14,15
213,CH,20,680507.4184,7642314.425,W,14,15
214,CH,12,680507.4184,7642314.425,M,14,16
215,CH,35,680507.4184,7642314.425,MW,14,16
216,CH,7,680507.4184,7642314.425,R,14,16
217,CH,8,680507.4184,7642314.425,T,14,16
218,CH,18,680507.4184,7642314.425,TR,14,16
219,CH,20,680507.4184,7642314.425,W,14,16
220,CH,23,680507.4184,7642314.425,M,15,15
221,CH,62,680507.4184,7642314.425,MW,15,15
222,CH,11,680507.4184,7642314.425,R,15,15
223,CH,22,680507.4184,7642314.425,T,15,15
224,CH,59,680507.4184,7642314.425,TR,15,15
225,CH,11,680507.4184,7642314.425,W,15,15
226,CH,24,680507.4184,7642314.425,M,15,16
227,CH,48,680507.4184,7642314.425,MW,15,16
228,CH,11,680507.4184,7642314.425,R,15,16
229,CH,12,680507.4184,7642314.425,T,15,16
230,CH,35,680507.4184,7642314.425,TR,15,16
231,CH,51,680507.4184,7642314.425,W,15,16
232,CH,12,680507.4184,7642314.425,F,15,17
233,CH,24,680507.4184,7642314.425,M,16,16
234,CH,57,680507.4184,7642314.425,MW,16,16
235,CH,24,680507.4184,7642314.425,R,16,16
236,CH,53,680507.4184,7642314.425,T,16,16
237,CH,36,680507.4184,7642314.425,TR,16,16
238,CH,23,680507.4184,7642314.425,W,16,16
239,CH,21,680507.4184,7642314.425,M,16,17
240,CH,203,680507.4184,7642314.425,MW,16,17
241,CH,27,680507.4184,7642314.425,R,16,17
242,CH,28,680507.4184,7642314.425,T,16,17
243,CH,282,680507.4184,7642314.425,TR,16,17
244,CH,14,680507.4184,7642314.425,M,16,18
245,CH,472,680507.4184,7642314.425,MW,16,18
246,CH,105,680507.4184,7642314.425,R,16,18
247,CH,34,680507.4184,7642314.425,T,16,18
248,CH,335,680507.4184,7642314.425,TR,16,18
249,CH,31,680507.4184,7642314.425,W,16,18
250,CH,19,680507.4184,7642314.425,W,16,20
251,CH,33,680507.4184,7642314.425,M,17,17
252,CH,10,680507.4184,7642314.425,MW,17,17
253,CH,12,680507.4184,7642314.425,R,17,17
254,CH,36,680507.4184,7642314.425,T,17,17
255,CH,24,680507.4184,7642314.425,TR,17,17
256,CH,12,680507.4184,7642314.425,W,17,17
257,CH,34,680507.4184,7642314.425,M,17,18
258,CH,43,680507.4184,7642314.425,MW,17,18
259,CH,11,680507.4184,7642314.425,R,17,18
260,CH,12,680507.4184,7642314.425,T,17,18
261,CH,51,680507.4184,7642314.425,TR,17,18
262,CH,32,680507.4184,7642314.425,W,17,18
263,CH,20,680507.4184,7642314.425,M,17,20
264,CH,25,680507.4184,7642314.425,T,17,20
265,CH,19,680507.4184,7642314.425,W,17,20
266,CH,125,680507.4184,7642314.425,M,17,21
267,CH,190,680507.4184,7642314.425,R,17,21
268,CH,333,680507.4184,7642314.425,T,17,21
269,CH,294,680507.4184,7642314.425,W,17,21
270,CH,88,680507.4184,7642314.425,M,18,18
271,CH,35,680507.4184,7642314.425,R,18,18
272,CH,50,680507.4184,7642314.425,T,18,18
273,CH,23,680507.4184,7642314.425,TR,18,18
274,CH,23,680507.4184,7642314.425,W,18,18
275,CH,32,680507.4184,7642314.425,M,18,19
276,CH,12,680507.4184,7642314.425,R,18,19
277,CH,26,680507.4184,7642314.425,T,18,19
278,CH,155,680507.4184,7642314.425,TR,18,19
279,CH,56,680507.4184,7642314.425,M,18,20
280,CH,51,680507.4184,7642314.425,MW,18,20
281,CH,6,680507.4184,7642314.425,R,18,20
282,CH,6,680507.4184,7642314.425,T,18,20
283,CH,46,680507.4184,7642314.425,TR,18,20
284,CH,61,680507.4184,7642314.425,M,18,21
285,CH,28,680507.4184,7642314.425,R,18,21
286,CH,154,680507.4184,7642314.425,T,18,21
287,CH,61,680507.4184,7642314.425,W,18,21
288,CH,9,680507.4184,7642314.425,M,18,22
289,CH,13,680507.4184,7642314.425,T,18,22
290,CH,15,680507.4184,7642314.425,M,19,19
291,CH,22,680507.4184,7642314.425,T,19,19
292,CH,11,680507.4184,7642314.425,TR,19,19
293,CH,19,680507.4184,7642314.425,R,19,21
294,CIN,78,679641.1717,7642600.052,MW,8,10
295,CIN,65,679641.1717,7642600.052,MWF,10,11
296,CIN,184,679641.1717,7642600.052,TR,10,11
297,CIN,69,679641.1717,7642600.052,MW,11,12
298,CIN,71,679641.1717,7642600.052,T,12,13
299,CIN,65,679641.1717,7642600.052,TR,12,13
300,CIN,75,679641.1717,7642600.052,MW,14,15
301,CIN,88,679641.1717,7642600.052,R,14,15
302,CIN,47,679641.1717,7642600.052,T,14,15
303,CIN,88,679641.1717,7642600.052,TR,14,15
304,CIN,49,679641.1717,7642600.052,MW,16,18
305,CIN,21,679641.1717,7642600.052,TR,16,18
306,CIN,29,679641.1717,7642600.052,M,17,21
307,CIN,64,679641.1717,7642600.052,R,17,21
308,CIN,37,679641.1717,7642600.052,T,17,21
309,CLSB,10,677049.0821,7645324.862,F,7,9
310,CLSB,10,677049.0821,7645324.862,W,7,9
311,CLSB,99,677049.0821,7645324.862,R,7,10
312,CLSB,119,677049.0821,7645324.862,T,7,10
313,CLSB,35,677049.0821,7645324.862,W,7,10
314,CLSB,310,677049.0821,7645324.862,MWF,8,9
315,CLSB,12,677049.0821,7645324.862,R,8,11
316,CLSB,9,677049.0821,7645324.862,T,8,11
317,CLSB,132,677049.0821,7645324.862,TR,9,11
318,CLSB,12,677049.0821,7645324.862,W,9,13
319,CLSB,313,677049.0821,7645324.862,MWF,10,11
320,CLSB,18,677049.0821,7645324.862,R,10,11
321,CLSB,21,677049.0821,7645324.862,F,10,12
322,CLSB,18,677049.0821,7645324.862,W,10,12
323,CLSB,88,677049.0821,7645324.862,M,10,13
324,CLSB,107,677049.0821,7645324.862,R,10,13
325,CLSB,146,677049.0821,7645324.862,T,10,13
326,CLSB,145,677049.0821,7645324.862,W,10,13
327,CLSB,340,677049.0821,7645324.862,MWF,11,12
328,CLSB,12,677049.0821,7645324.862,MW,11,13
329,CLSB,398,677049.0821,7645324.862,TR,11,13
330,CLSB,217,677049.0821,7645324.862,MWF,12,13
331,CLSB,7,677049.0821,7645324.862,R,12,13
332,CLSB,23,677049.0821,7645324.862,R,12,14
333,CLSB,20,677049.0821,7645324.862,T,12,14
334,CLSB,19,677049.0821,7645324.862,W,12,14
335,CLSB,8,677049.0821,7645324.862,W,13,14
336,CLSB,100,677049.0821,7645324.862,MW,13,15
337,CLSB,12,677049.0821,7645324.862,R,13,16
338,CLSB,12,677049.0821,7645324.862,T,13,16
339,CLSB,96,677049.0821,7645324.862,F,14,15
340,CLSB,32,677049.0821,7645324.862,R,14,15
341,CLSB,22,677049.0821,7645324.862,F,14,16
342,CLSB,22,677049.0821,7645324.862,R,14,16
343,CLSB,20,677049.0821,7645324.862,T,14,16
344,CLSB,16,677049.0821,7645324.862,W,14,16
345,CLSB,126,677049.0821,7645324.862,M,14,17
346,CLSB,131,677049.0821,7645324.862,R,14,17
347,CLSB,140,677049.0821,7645324.862,T,14,17
348,CLSB,198,677049.0821,7645324.862,W,14,17
349,CLSB,277,677049.0821,7645324.862,TR,16,17
350,CLSB,22,677049.0821,7645324.862,R,17,19
351,CLSB,20,677049.0821,7645324.862,T,17,19
352,CLSB,40,677049.0821,7645324.862,M,17,20
353,CLSB,31,677049.0821,7645324.862,R,17,20
354,CLSB,39,677049.0821,7645324.862,T,17,20
355,CLSB,68,677049.0821,7645324.862,W,17,20
356,CLSB,11,677049.0821,7645324.862,W,17,21
357,CLSB,61,677049.0821,7645324.862,R,18,20
358,CLSB,57,677049.0821,7645324.862,T,18,20
359,CLSB,38,677049.0821,7645324.862,W,18,20
360,CPB,4,680253.9946,7644287.46,F,8,16
361,EB,89,679227.3564,7643015.96,MW,8,9
362,EB,84,679227.3564,7643015.96,TR,8,9
363,EB,33,679227.3564,7643015.96,MWF,9,9
364,EB,30,679227.3564,7643015.96,MWF,9,10
365,EB,15,679227.3564,7643015.96,F,9,11
366,EB,7,679227.3564,7643015.96,M,9,11
367,EB,18,679227.3564,7643015.96,MWF,9,11
368,EB,14,679227.3564,7643015.96,W,9,11
369,EB,22,679227.3564,7643015.96,R,9,12
370,EB,39,679227.3564,7643015.96,F,10,11
371,EB,15,679227.3564,7643015.96,M,10,11
372,EB,6,679227.3564,7643015.96,MW,10,11
373,EB,39,679227.3564,7643015.96,R,10,11
374,EB,269,679227.3564,7643015.96,TR,10,11
375,EB,19,679227.3564,7643015.96,W,10,11
376,EB,156,679227.3564,7643015.96,MW,10,12
377,EB,11,679227.3564,7643015.96,F,10,13
378,EB,41,679227.3564,7643015.96,MWF,11,12
379,EB,24,679227.3564,7643015.96,MW,12,13
380,EB,42,679227.3564,7643015.96,MWF,12,13
381,EB,10,679227.3564,7643015.96,R,12,13
382,EB,9,679227.3564,7643015.96,T,12,13
383,EB,183,679227.3564,7643015.96,TR,12,13
384,EB,12,679227.3564,7643015.96,W,12,13
385,EB,15,679227.3564,7643015.96,F,13,15
386,EB,15,679227.3564,7643015.96,W,13,15
387,EB,19,679227.3564,7643015.96,F,14,15
388,EB,6,679227.3564,7643015.96,M,14,15
389,EB,320,679227.3564,7643015.96,MW,14,15
390,EB,12,679227.3564,7643015.96,MWF,14,15
391,EB,21,679227.3564,7643015.96,R,14,15
392,EB,35,679227.3564,7643015.96,T,14,15
393,EB,264,679227.3564,7643015.96,TR,14,15
394,EB,12,679227.3564,7643015.96,W,14,15
395,EB,14,679227.3564,7643015.96,M,14,16
396,EB,12,679227.3564,7643015.96,R,14,16
397,EB,45,679227.3564,7643015.96,F,15,16
398,EB,31,679227.3564,7643015.96,M,16,17
399,EB,15,679227.3564,7643015.96,R,16,17
400,EB,22,679227.3564,7643015.96,T,16,17
401,EB,4,679227.3564,7643015.96,TR,16,17
402,EB,15,679227.3564,7643015.96,F,16,18
403,EB,39,679227.3564,7643015.96,M,16,18
404,EB,194,679227.3564,7643015.96,MW,16,18
405,EB,39,679227.3564,7643015.96,R,16,18
406,EB,41,679227.3564,7643015.96,T,16,18
407,EB,138,679227.3564,7643015.96,TR,16,18
408,EB,31,679227.3564,7643015.96,W,16,18
409,EB,40,679227.3564,7643015.96,M,17,21
410,EB,13,679227.3564,7643015.96,R,17,21
411,EB,36,679227.3564,7643015.96,W,17,21
412,EB,103,679227.3564,7643015.96,MW,18,20
413,EB,14,679227.3564,7643015.96,R,18,20
414,EB,12,679227.3564,7643015.96,T,18,20
415,EB,139,679227.3564,7643015.96,TR,18,20
416,EB,20,679227.3564,7643015.96,T,18,21
417,FAB,68,679576.3524,7643163.526,F,8,9
418,FAB,84,679576.3524,7643163.526,TR,8,9
419,FAB,95,679576.3524,7643163.526,MW,8,10
420,FAB,24,679576.3524,7643163.526,R,8,10
421,FAB,22,679576.3524,7643163.526,W,8,10
422,FAB,18,679576.3524,7643163.526,M,8,12
423,FAB,36,679576.3524,7643163.526,W,9,9
424,FAB,33,679576.3524,7643163.526,MWF,9,10
425,FAB,18,679576.3524,7643163.526,M,9,11
426,FAB,25,679576.3524,7643163.526,R,9,11
427,FAB,24,679576.3524,7643163.526,T,9,11
428,FAB,41,679576.3524,7643163.526,W,9,11
429,FAB,19,679576.3524,7643163.526,M,9,12
430,FAB,19,679576.3524,7643163.526,W,9,12
431,FAB,11,679576.3524,7643163.526,M,9,14
432,FAB,64,679576.3524,7643163.526,F,10,11
433,FAB,54,679576.3524,7643163.526,M,10,11
434,FAB,100,679576.3524,7643163.526,MWF,10,11
435,FAB,34,679576.3524,7643163.526,T,10,11
436,FAB,240,679576.3524,7643163.526,TR,10,11
437,FAB,25,679576.3524,7643163.526,F,10,12
438,FAB,33,679576.3524,7643163.526,MW,10,13
439,FAB,80,679576.3524,7643163.526,MWF,11,12
440,FAB,30,679576.3524,7643163.526,MW,11,13
441,FAB,45,679576.3524,7643163.526,F,12,13
442,FAB,20,679576.3524,7643163.526,M,12,13
443,FAB,29,679576.3524,7643163.526,MW,12,13
444,FAB,139,679576.3524,7643163.526,MWF,12,13
445,FAB,24,679576.3524,7643163.526,R,12,13
446,FAB,228,679576.3524,7643163.526,TR,12,13
447,FAB,24,679576.3524,7643163.526,M,12,14
448,FAB,15,679576.3524,7643163.526,T,12,14
449,FAB,12,679576.3524,7643163.526,W,12,14
450,FAB,21,679576.3524,7643163.526,M,12,15
451,FAB,2,679576.3524,7643163.526,R,12,16
452,FAB,1,679576.3524,7643163.526,T,12,16
453,FAB,19,679576.3524,7643163.526,W,13,14
454,FAB,35,679576.3524,7643163.526,F,13,15
455,FAB,16,679576.3524,7643163.526,M,13,15
456,FAB,26,679576.3524,7643163.526,R,13,15
457,FAB,85,679576.3524,7643163.526,F,14,15
458,FAB,10,679576.3524,7643163.526,M,14,15
459,FAB,125,679576.3524,7643163.526,MW,14,15
460,FAB,33,679576.3524,7643163.526,MWF,14,15
461,FAB,23,679576.3524,7643163.526,R,14,15
462,FAB,160,679576.3524,7643163.526,TR,14,15
463,FAB,34,679576.3524,7643163.526,W,14,15
464,FAB,25,679576.3524,7643163.526,F,14,16
465,FAB,32,679576.3524,7643163.526,R,14,16
466,FAB,44,679576.3524,7643163.526,T,14,16
467,FAB,24,679576.3524,7643163.526,R,15,16
468,FAB,10,679576.3524,7643163.526,T,15,17
469,FAB,19,679576.3524,7643163.526,W,15,17
470,FAB,35,679576.3524,7643163.526,F,16,17
471,FAB,65,679576.3524,7643163.526,R,16,17
472,FAB,30,679576.3524,7643163.526,T,16,17
473,FAB,29,679576.3524,7643163.526,W,16,17
474,FAB,17,679576.3524,7643163.526,F,16,18
475,FAB,110,679576.3524,7643163.526,M,16,18
476,FAB,78,679576.3524,7643163.526,MW,16,18
477,FAB,22,679576.3524,7643163.526,R,16,18
478,FAB,23,679576.3524,7643163.526,T,16,18
479,FAB,43,679576.3524,7643163.526,TR,16,18
480,FAB,51,679576.3524,7643163.526,W,16,18
481,FAB,42,679576.3524,7643163.526,R,16,20
482,FAB,39,679576.3524,7643163.526,W,16,20
483,FAB,12,679576.3524,7643163.526,R,16,21
484,FAB,11,679576.3524,7643163.526,T,16,21
485,FAB,21,679576.3524,7643163.526,W,17,17
486,FAB,20,679576.3524,7643163.526,F,17,21
487,FAB,5,679576.3524,7643163.526,M,17,21
488,FAB,9,679576.3524,7643163.526,R,17,21
489,FAB,60,679576.3524,7643163.526,T,17,21
490,FAB,16,679576.3524,7643163.526,W,17,21
491,FAB,22,679576.3524,7643163.526,W,18,18
492,FAB,48,679576.3524,7643163.526,MW,18,20
493,FAB,23,679576.3524,7643163.526,R,18,20
494,FAB,65,679576.3524,7643163.526,TR,18,20
495,FAB,64,679576.3524,7643163.526,M,18,21
496,FAB,37,679576.3524,7643163.526,R,18,21
497,FAB,22,679576.3524,7643163.526,T,18,21
498,FAB,75,679576.3524,7643163.526,W,18,21
499,FAB,23,679576.3524,7643163.526,R,20,21
500,HGCDC,41,681275.3626,7641283.032,W,16,19
501,HOFF,168,680508.861,7641292.418,TR,8,9
502,HOFF,138,680508.861,7641292.418,M,8,10
503,HOFF,126,680508.861,7641292.418,MWF,10,11
504,HOFF,176,680508.861,7641292.418,TR,10,11
505,HOFF,37,680508.861,7641292.418,TR,12,13
506,HOFF,28,680508.861,7641292.418,MW,14,15
507,HOFF,153,680508.861,7641292.418,TR,14,15
508,HOFF,163,680508.861,7641292.418,MW,16,18
509,HOFF,193,680508.861,7641292.418,MW,18,20
510,LH,28,680747.5608,7642413.459,MW,8,8
511,LH,19,680747.5608,7642413.459,MWF,8,8
512,LH,22,680747.5608,7642413.459,TR,8,8
513,LH,31,680747.5608,7642413.459,F,8,9
514,LH,167,680747.5608,7642413.459,TR,8,9
515,LH,67,680747.5608,7642413.459,MW,8,10
516,LH,10,680747.5608,7642413.459,MTWRF,9,9
517,LH,35,680747.5608,7642413.459,MW,9,9
518,LH,17,680747.5608,7642413.459,MWF,9,9
519,LH,69,680747.5608,7642413.459,TR,9,9
520,LH,12,680747.5608,7642413.459,MW,9,10
521,LH,18,680747.5608,7642413.459,MWF,9,10
522,LH,150,680747.5608,7642413.459,MW,10,11
523,LH,117,680747.5608,7642413.459,MWF,10,11
524,LH,420,680747.5608,7642413.459,TR,10,11
525,LH,54,680747.5608,7642413.459,F,10,13
526,LH,8,680747.5608,7642413.459,TR,11,11
527,LH,81,680747.5608,7642413.459,MW,11,12
528,LH,91,680747.5608,7642413.459,MWF,11,12
529,LH,8,680747.5608,7642413.459,W,11,13
530,LH,178,680747.5608,7642413.459,R,12,12
531,LH,104,680747.5608,7642413.459,MW,12,13
532,LH,98,680747.5608,7642413.459,MWF,12,13
533,LH,30,680747.5608,7642413.459,T,12,13
534,LH,251,680747.5608,7642413.459,TR,12,13
535,LH,7,680747.5608,7642413.459,TR,13,13
536,LH,12,680747.5608,7642413.459,MW,13,14
537,LH,33,680747.5608,7642413.459,F,13,16
538,LH,20,680747.5608,7642413.459,MWF,14,14
539,LH,188,680747.5608,7642413.459,MW,14,15
540,LH,36,680747.5608,7642413.459,MWF,14,15
541,LH,13,680747.5608,7642413.459,T,14,15
542,LH,341,680747.5608,7642413.459,TR,14,15
543,LH,39,680747.5608,7642413.459,TR,14,16
544,LH,10,680747.5608,7642413.459,MWF,15,15
545,LH,7,680747.5608,7642413.459,R,15,15
546,LH,28,680747.5608,7642413.459,TR,15,15
547,LH,26,680747.5608,7642413.459,MW,15,16
548,LH,29,680747.5608,7642413.459,TR,15,17
549,LH,9,680747.5608,7642413.459,MW,16,16
550,LH,17,680747.5608,7642413.459,TR,16,16
551,LH,28,680747.5608,7642413.459,F,16,17
552,LH,74,680747.5608,7642413.459,MW,16,17
553,LH,52,680747.5608,7642413.459,TR,16,17
554,LH,17,680747.5608,7642413.459,M,16,18
555,LH,42,680747.5608,7642413.459,MW,16,18
556,LH,28,680747.5608,7642413.459,T,16,18
557,LH,79,680747.5608,7642413.459,TR,16,18
558,LH,26,680747.5608,7642413.459,W,16,18
559,LH,11,680747.5608,7642413.459,MW,17,17
560,LH,15,680747.5608,7642413.459,TR,17,17
561,LH,27,680747.5608,7642413.459,TR,17,18
562,LH,3,680747.5608,7642413.459,M,17,19
563,LH,46,680747.5608,7642413.459,T,17,20
564,LH,41,680747.5608,7642413.459,M,17,21
565,LH,59,680747.5608,7642413.459,R,17,21
566,LH,35,680747.5608,7642413.459,W,17,21
567,LH,10,680747.5608,7642413.459,MW,18,18
568,LH,28,680747.5608,7642413.459,TR,18,18
569,LH,8,680747.5608,7642413.459,R,18,20
570,LH,18,680747.5608,7642413.459,T,18,20
571,LH,20,680747.5608,7642413.459,M,18,21
572,LH,36,680747.5608,7642413.459,R,18,21
573,LH,40,680747.5608,7642413.459,T,18,21
574,LH,112,680747.5608,7642413.459,W,18,21
575,LH,16,680747.5608,7642413.459,M,19,20
576,LH,18,680747.5608,7642413.459,T,19,20
577,LH,39,680747.5608,7642413.459,W,19,20
578,LH,5,680747.5608,7642413.459,MTWR,19,22
579,NASCC,13,679358.8259,7641845.394,TR,14,15
580,NASCC,17,679358.8259,7641845.394,R,17,21
581,NASCC,12,679358.8259,7641845.394,W,17,21
582,NH,7,680027.8416,7642114.586,MWF,7,8
583,NH,6,680027.8416,7642114.586,WF,7,8
584,NH,25,680027.8416,7642114.586,MTWRF,8,8
585,NH,8,680027.8416,7642114.586,F,8,9
586,NH,178,680027.8416,7642114.586,MW,8,9
587,NH,20,680027.8416,7642114.586,R,8,9
588,NH,19,680027.8416,7642114.586,T,8,9
589,NH,376,680027.8416,7642114.586,TR,8,9
590,NH,236,680027.8416,7642114.586,MW,8,10
591,NH,17,680027.8416,7642114.586,TR,8,11
592,NH,22,680027.8416,7642114.586,MWF,9,9
593,NH,6,680027.8416,7642114.586,R,9,9
594,NH,12,680027.8416,7642114.586,M,9,10
595,NH,22,680027.8416,7642114.586,MW,9,10
596,NH,231,680027.8416,7642114.586,MWF,9,10
597,NH,16,680027.8416,7642114.586,WF,9,10
598,NH,98,680027.8416,7642114.586,MW,9,11
599,NH,57,680027.8416,7642114.586,MWF,9,11
600,NH,104,680027.8416,7642114.586,TR,9,11
601,NH,128,680027.8416,7642114.586,MW,10,11
602,NH,346,680027.8416,7642114.586,MWF,10,11
603,NH,11,680027.8416,7642114.586,R,10,11
604,NH,18,680027.8416,7642114.586,T,10,11
605,NH,1029,680027.8416,7642114.586,TR,10,11
606,NH,8,680027.8416,7642114.586,F,10,12
607,NH,40,680027.8416,7642114.586,MW,10,12
608,NH,27,680027.8416,7642114.586,W,10,12
609,NH,8,680027.8416,7642114.586,M,11,12
610,NH,109,680027.8416,7642114.586,MW,11,12
611,NH,367,680027.8416,7642114.586,MWF,11,12
612,NH,15,680027.8416,7642114.586,F,11,13
613,NH,25,680027.8416,7642114.586,MTWRF,12,12
614,NH,3,680027.8416,7642114.586,F,12,13
615,NH,10,680027.8416,7642114.586,M,12,13
616,NH,38,680027.8416,7642114.586,MW,12,13
617,NH,387,680027.8416,7642114.586,MWF,12,13
618,NH,72,680027.8416,7642114.586,R,12,13
619,NH,68,680027.8416,7642114.586,T,12,13
620,NH,810,680027.8416,7642114.586,TR,12,13
621,NH,37,680027.8416,7642114.586,W,12,13
622,NH,25,680027.8416,7642114.586,MW,12,14
623,NH,25,680027.8416,7642114.586,TR,12,14
624,NH,6,680027.8416,7642114.586,M,12,15
625,NH,63,680027.8416,7642114.586,M,12,16
626,NH,28,680027.8416,7642114.586,MTWRF,13,13
627,NH,19,680027.8416,7642114.586,MWF,13,13
628,NH,7,680027.8416,7642114.586,R,13,14
629,NH,32,680027.8416,7642114.586,W,13,14
630,NH,14,680027.8416,7642114.586,TR,13,15
631,NH,45,680027.8416,7642114.586,W,13,15
632,NH,25,680027.8416,7642114.586,F,14,15
633,NH,56,680027.8416,7642114.586,M,14,15
634,NH,439,680027.8416,7642114.586,MW,14,15
635,NH,200,680027.8416,7642114.586,MWF,14,15
636,NH,826,680027.8416,7642114.586,TR,14,15
637,NH,146,680027.8416,7642114.586,W,14,15
638,NH,88,680027.8416,7642114.586,MW,14,16
639,NH,60,680027.8416,7642114.586,TR,14,16
640,NH,17,680027.8416,7642114.586,F,14,17
641,NH,15,680027.8416,7642114.586,R,14,17
642,NH,9,680027.8416,7642114.586,T,14,18
643,NH,37,680027.8416,7642114.586,TR,15,16
644,NH,22,680027.8416,7642114.586,W,15,16
645,NH,37,680027.8416,7642114.586,MW,15,17
646,NH,19,680027.8416,7642114.586,TR,15,17
647,NH,14,680027.8416,7642114.586,MW,16,17
648,NH,45,680027.8416,7642114.586,T,16,17
649,NH,6,680027.8416,7642114.586,TR,16,17
650,NH,52,680027.8416,7642114.586,M,16,18
651,NH,306,680027.8416,7642114.586,MW,16,18
652,NH,86,680027.8416,7642114.586,R,16,18
653,NH,83,680027.8416,7642114.586,T,16,18
654,NH,297,680027.8416,7642114.586,TR,16,18
655,NH,170,680027.8416,7642114.586,W,16,18
656,NH,31,680027.8416,7642114.586,MW,17,18
657,NH,50,680027.8416,7642114.586,M,17,19
658,NH,44,680027.8416,7642114.586,R,17,19
659,NH,78,680027.8416,7642114.586,M,17,20
660,NH,34,680027.8416,7642114.586,TR,17,20
661,NH,165,680027.8416,7642114.586,M,17,21
662,NH,116,680027.8416,7642114.586,R,17,21
663,NH,269,680027.8416,7642114.586,T,17,21
664,NH,320,680027.8416,7642114.586,W,17,21
665,NH,19,680027.8416,7642114.586,T,18,19
666,NH,9,680027.8416,7642114.586,W,18,19
667,NH,42,680027.8416,7642114.586,M,18,20
668,NH,178,680027.8416,7642114.586,MW,18,20
669,NH,51,680027.8416,7642114.586,R,18,20
670,NH,17,680027.8416,7642114.586,T,18,20
671,NH,187,680027.8416,7642114.586,TR,18,20
672,NH,35,680027.8416,7642114.586,M,18,21
673,NH,49,680027.8416,7642114.586,MW,18,21
674,NH,36,680027.8416,7642114.586,R,18,21
675,NH,16,680027.8416,7642114.586,T,18,21
676,NH,24,680027.8416,7642114.586,TR,18,21
677,NH,90,680027.8416,7642114.586,W,18,21
679,OND,74,679594.3166,7642530.219,MW,8,10
680,OND,18,679594.3166,7642530.219,MWF,9,10
681,OND,13,679594.3166,7642530.219,MWF,9,11
682,OND,10,679594.3166,7642530.219,F,9,12
683,OND,47,679594.3166,7642530.219,MW,10,11
684,OND,69,679594.3166,7642530.219,MWF,10,11
685,OND,146,679594.3166,7642530.219,TR,10,11
686,OND,19,679594.3166,7642530.219,MW,11,12
687,OND,73,679594.3166,7642530.219,MWF,11,12
688,OND,12,679594.3166,7642530.219,F,12,12
689,OND,21,679594.3166,7642530.219,MW,12,13
690,OND,75,679594.3166,7642530.219,MWF,12,13
691,OND,14,679594.3166,7642530.219,R,12,13
692,OND,138,679594.3166,7642530.219,TR,12,13
693,OND,8,679594.3166,7642530.219,F,12,15
694,OND,17,679594.3166,7642530.219,W,12,15
695,OND,65,679594.3166,7642530.219,MW,14,15
696,OND,37,679594.3166,7642530.219,MWF,14,15
697,OND,154,679594.3166,7642530.219,TR,14,15
698,OND,25,679594.3166,7642530.219,M,15,17
699,OND,17,679594.3166,7642530.219,MWF,15,17
700,OND,6,679594.3166,7642530.219,TR,16,17
701,OND,24,679594.3166,7642530.219,M,16,18
702,OND,20,679594.3166,7642530.219,MW,16,18
703,OND,25,679594.3166,7642530.219,T,16,18
704,OND,73,679594.3166,7642530.219,TR,16,18
705,OND,41,679594.3166,7642530.219,W,16,18
706,OND,25,679594.3166,7642530.219,W,16,20
707,OND,16,679594.3166,7642530.219,M,17,20
708,OND,19,679594.3166,7642530.219,M,17,21
709,OND,23,679594.3166,7642530.219,W,17,21
710,OND,40,679594.3166,7642530.219,TR,18,20
711,OND,24,679594.3166,7642530.219,M,18,21
712,PKM,80,680835.3774,7642071.126,MW,8,10
713,PKM,9,680835.3774,7642071.126,MTWRF,9,9
714,PKM,20,680835.3774,7642071.126,MWF,9,9
715,PKM,118,680835.3774,7642071.126,MWF,10,11
716,PKM,190,680835.3774,7642071.126,TR,10,11
717,PKM,107,680835.3774,7642071.126,MWF,11,12
718,PKM,18,680835.3774,7642071.126,MW,12,13
719,PKM,17,680835.3774,7642071.126,T,12,13
720,PKM,153,680835.3774,7642071.126,TR,12,13
721,PKM,14,680835.3774,7642071.126,M,12,15
722,PKM,25,680835.3774,7642071.126,W,13,15
723,PKM,39,680835.3774,7642071.126,MW,14,15
724,PKM,20,680835.3774,7642071.126,MWF,14,15
725,PKM,138,680835.3774,7642071.126,TR,14,15
726,PKM,20,680835.3774,7642071.126,W,14,15
727,PKM,7,680835.3774,7642071.126,M,14,16
728,PKM,1,680835.3774,7642071.126,W,14,16
729,PKM,6,680835.3774,7642071.126,M,14,17
730,PKM,9,680835.3774,7642071.126,R,16,17
731,PKM,18,680835.3774,7642071.126,T,16,17
732,PKM,51,680835.3774,7642071.126,MW,16,18
733,PKM,19,680835.3774,7642071.126,T,16,18
734,PKM,46,680835.3774,7642071.126,TR,16,18
735,PKM,10,680835.3774,7642071.126,W,16,18
736,PKM,7,680835.3774,7642071.126,W,16,20
737,PKM,43,680835.3774,7642071.126,R,17,19
738,PKM,43,680835.3774,7642071.126,T,17,20
739,PKM,16,680835.3774,7642071.126,M,17,21
740,PKM,54,680835.3774,7642071.126,R,17,21
741,PKM,27,680835.3774,7642071.126,T,17,21
742,PKM,25,680835.3774,7642071.126,W,17,21
743,PKM,72,680835.3774,7642071.126,MW,18,20
744,PNT,26,679345.2323,7642439.438,TR,8,9
745,PNT,88,679345.2323,7642439.438,F,9,10
746,PNT,13,679345.2323,7642439.438,MW,9,10
747,PNT,55,679345.2323,7642439.438,MW,10,11
748,PNT,17,679345.2323,7642439.438,MWF,10,11
749,PNT,3,679345.2323,7642439.438,T,10,11
750,PNT,89,679345.2323,7642439.438,TR,10,11
751,PNT,17,679345.2323,7642439.438,MWF,11,12
752,PNT,16,679345.2323,7642439.438,MW,11,13
753,PNT,80,679345.2323,7642439.438,MW,12,13
754,PNT,22,679345.2323,7642439.438,MWF,12,13
755,PNT,140,679345.2323,7642439.438,TR,12,13
756,PNT,23,679345.2323,7642439.438,M,13,15
757,PNT,16,679345.2323,7642439.438,W,13,15
758,PNT,92,679345.2323,7642439.438,MW,14,15
759,PNT,133,679345.2323,7642439.438,TR,14,15
760,PNT,58,679345.2323,7642439.438,MW,16,18
761,PNT,24,679345.2323,7642439.438,R,16,18
762,PNT,7,679345.2323,7642439.438,T,16,18
763,PNT,35,679345.2323,7642439.438,TR,16,18
764,PNT,23,679345.2323,7642439.438,W,16,18
765,PNT,32,679345.2323,7642439.438,T,16,19
766,PNT,23,679345.2323,7642439.438,TR,18,20
767,PNT,34,679345.2323,7642439.438,R,18,21
768,SB1,97,680960.5967,7641768.742,MW,9,11
769,SB1,14,680960.5967,7641768.742,F,9,12
770,SB1,139,680960.5967,7641768.742,R,10,11
771,SB1,62,680960.5967,7641768.742,T,10,11
772,SB1,12,680960.5967,7641768.742,R,10,12
773,SB1,20,680960.5967,7641768.742,R,10,13
774,SB1,20,680960.5967,7641768.742,T,10,13
775,SB1,119,680960.5967,7641768.742,MWF,11,12
776,SB1,43,680960.5967,7641768.742,MWF,12,13
777,SB1,14,680960.5967,7641768.742,R,12,13
778,SB1,29,680960.5967,7641768.742,T,12,13
779,SB1,36,680960.5967,7641768.742,TR,12,13
780,SB1,7,680960.5967,7641768.742,F,12,15
781,SB1,25,680960.5967,7641768.742,F,12,16
782,SB1,18,680960.5967,7641768.742,F,13,14
783,SB1,14,680960.5967,7641768.742,W,13,14
784,SB1,18,680960.5967,7641768.742,MW,14,15
785,SB1,10,680960.5967,7641768.742,R,14,15
786,SB1,40,680960.5967,7641768.742,T,14,15
787,SB1,106,680960.5967,7641768.742,TR,14,15
788,SB1,25,680960.5967,7641768.742,R,14,16
789,SB1,4,680960.5967,7641768.742,F,15,16
790,SB1,25,680960.5967,7641768.742,MW,15,16
791,SB1,25,680960.5967,7641768.742,T,15,16
792,SB1,84,680960.5967,7641768.742,TR,16,18
793,SB1,8,680960.5967,7641768.742,MW,17,18
794,SB1,29,680960.5967,7641768.742,MW,17,20
795,SEC,12,678762.0051,7642562.065,T,9,11
796,SEC,8,678762.0051,7642562.065,T,10,11
797,SEC,26,678762.0051,7642562.065,TR,10,11
798,SEC,16,678762.0051,7642562.065,MW,10,12
799,SEC,12,678762.0051,7642562.065,R,10,12
800,SEC,6,678762.0051,7642562.065,TR,12,13
801,SEC,4,678762.0051,7642562.065,T,13,13
802,SEC,9,678762.0051,7642562.065,F,13,14
803,SEC,9,678762.0051,7642562.065,T,13,15
804,SEC,6,678762.0051,7642562.065,MW,14,15
805,SEC,10,678762.0051,7642562.065,W,14,15
806,SEC,6,678762.0051,7642562.065,M,16,18
807,SEC,17,678762.0051,7642562.065,T,16,18
808,SEC,11,678762.0051,7642562.065,T,17,21
809,SEC,8,678762.0051,7642562.065,W,17,21
810,SEH,19,680669.6717,7641270.57,MW,8,10
811,SEH,30,680669.6717,7641270.57,MWF,9,10
812,SEH,32,680669.6717,7641270.57,M,10,11
813,SEH,83,680669.6717,7641270.57,TR,10,11
814,SEH,34,680669.6717,7641270.57,MWF,10,12
815,SEH,32,680669.6717,7641270.57,MWF,11,12
816,SEH,14,680669.6717,7641270.57,R,12,13
817,SEH,42,680669.6717,7641270.57,TR,12,13
818,SEH,18,680669.6717,7641270.57,MW,12,14
819,SEH,32,680669.6717,7641270.57,MW,14,15
820,SEH,7,680669.6717,7641270.57,MWF,14,15
821,SEH,56,680669.6717,7641270.57,TR,14,15
822,SEH,12,680669.6717,7641270.57,W,16,17
823,SEH,30,680669.6717,7641270.57,R,16,18
824,SEH,15,680669.6717,7641270.57,T,16,18
825,SEH,16,680669.6717,7641270.57,TR,16,18
826,SEH,17,680669.6717,7641270.57,W,16,18
827,SEH,14,680669.6717,7641270.57,TR,17,18
828,SEH,3,680669.6717,7641270.57,M,17,20
829,SEH,33,680669.6717,7641270.57,M,17,21
830,SEH,9,680669.6717,7641270.57,T,17,21
831,SEH,14,680669.6717,7641270.57,W,17,21
832,SH,83,679795.8467,7642013.91,MWF,9,10
833,SH,18,679795.8467,7642013.91,MW,9,11
834,SH,10,679795.8467,7642013.91,TF,9,11
835,SH,48,679795.8467,7642013.91,TR,9,11
836,SH,17,679795.8467,7642013.91,MW,10,11
837,SH,118,679795.8467,7642013.91,MWF,10,11
838,SH,145,679795.8467,7642013.91,TR,10,11
839,SH,60,679795.8467,7642013.91,MW,10,12
840,SH,201,679795.8467,7642013.91,TR,12,13
841,SH,17,679795.8467,7642013.91,TR,12,14
842,SH,16,679795.8467,7642013.91,MW,13,16
843,SH,16,679795.8467,7642013.91,TR,13,16
844,SH,12,679795.8467,7642013.91,MF,13,17
845,SH,186,679795.8467,7642013.91,MWF,13,17
846,SH,15,679795.8467,7642013.91,MWF,14,15
847,SH,167,679795.8467,7642013.91,TR,14,15
848,SH,12,679795.8467,7642013.91,TR,14,16
849,SH,17,679795.8467,7642013.91,TR,15,17
850,SH,14,679795.8467,7642013.91,TR,16,18
851,SH,58,679795.8467,7642013.91,TR,17,18
852,SH,30,679795.8467,7642013.91,W,17,20
853,SH,90,679795.8467,7642013.91,M,17,21
854,SH,11,679795.8467,7642013.91,TR,18,20
855,SH,33,679795.8467,7642013.91,MW,18,21
856,SH,27,679795.8467,7642013.91,TR,18,21
857,SRTC,10,680741.5575,7641704.585,R,8,9
858,SRTC,41,680741.5575,7641704.585,TR,8,9
859,SRTC,23,680741.5575,7641704.585,F,8,10
860,SRTC,58,680741.5575,7641704.585,MW,8,10
861,SRTC,14,680741.5575,7641704.585,MWF,8,10
862,SRTC,5,680741.5575,7641704.585,R,8,11
863,SRTC,7,680741.5575,7641704.585,T,8,11
864,SRTC,14,680741.5575,7641704.585,W,8,11
865,SRTC,15,680741.5575,7641704.585,F,9,9
866,SRTC,18,680741.5575,7641704.585,TWRF,9,9
867,SRTC,2,680741.5575,7641704.585,M,9,10
868,SRTC,23,680741.5575,7641704.585,MW,9,10
869,SRTC,27,680741.5575,7641704.585,M,9,11
870,SRTC,55,680741.5575,7641704.585,R,9,11
871,SRTC,34,680741.5575,7641704.585,T,9,11
872,SRTC,66,680741.5575,7641704.585,W,9,11
873,SRTC,21,680741.5575,7641704.585,S,9,12
874,SRTC,15,680741.5575,7641704.585,MW,10,11
875,SRTC,59,680741.5575,7641704.585,MWF,10,11
876,SRTC,8,680741.5575,7641704.585,R,10,11
877,SRTC,241,680741.5575,7641704.585,TR,10,11
878,SRTC,13,680741.5575,7641704.585,F,10,12
879,SRTC,23,680741.5575,7641704.585,M,10,12
880,SRTC,3,680741.5575,7641704.585,MW,10,12
881,SRTC,21,680741.5575,7641704.585,W,10,12
882,SRTC,18,680741.5575,7641704.585,F,10,13
883,SRTC,25,680741.5575,7641704.585,MW,10,13
884,SRTC,22,680741.5575,7641704.585,MW,11,12
885,SRTC,40,680741.5575,7641704.585,MWF,11,12
886,SRTC,50,680741.5575,7641704.585,F,11,13
887,SRTC,64,680741.5575,7641704.585,MW,11,13
888,SRTC,22,680741.5575,7641704.585,W,11,13
889,SRTC,20,680741.5575,7641704.585,M,11,14
890,SRTC,17,680741.5575,7641704.585,R,11,14
891,SRTC,17,680741.5575,7641704.585,T,11,14
892,SRTC,20,680741.5575,7641704.585,W,11,14
893,SRTC,9,680741.5575,7641704.585,F,12,13
894,SRTC,2,680741.5575,7641704.585,MW,12,13
895,SRTC,32,680741.5575,7641704.585,MWF,12,13
896,SRTC,34,680741.5575,7641704.585,R,12,13
897,SRTC,37,680741.5575,7641704.585,T,12,13
898,SRTC,158,680741.5575,7641704.585,TR,12,13
899,SRTC,25,680741.5575,7641704.585,R,12,14
900,SRTC,55,680741.5575,7641704.585,T,12,14
901,SRTC,55,680741.5575,7641704.585,W,12,14
902,SRTC,10,680741.5575,7641704.585,F,13,14
903,SRTC,13,680741.5575,7641704.585,M,13,14
904,SRTC,22,680741.5575,7641704.585,R,13,15
905,SRTC,19,680741.5575,7641704.585,T,13,15
906,SRTC,30,680741.5575,7641704.585,M,13,16
907,SRTC,29,680741.5575,7641704.585,R,13,16
908,SRTC,30,680741.5575,7641704.585,T,13,16
909,SRTC,16,680741.5575,7641704.585,W,13,16
910,SRTC,18,680741.5575,7641704.585,F,14,15
911,SRTC,23,680741.5575,7641704.585,M,14,15
912,SRTC,143,680741.5575,7641704.585,MW,14,15
913,SRTC,39,680741.5575,7641704.585,MWF,14,15
914,SRTC,20,680741.5575,7641704.585,R,14,15
915,SRTC,277,680741.5575,7641704.585,TR,14,15
916,SRTC,27,680741.5575,7641704.585,F,14,16
917,SRTC,28,680741.5575,7641704.585,R,14,16
918,SRTC,16,680741.5575,7641704.585,T,14,16
919,SRTC,29,680741.5575,7641704.585,W,14,16
920,SRTC,13,680741.5575,7641704.585,F,14,17
921,SRTC,13,680741.5575,7641704.585,R,14,17
922,SRTC,15,680741.5575,7641704.585,T,14,17
923,SRTC,8,680741.5575,7641704.585,M,15,16
924,SRTC,7,680741.5575,7641704.585,MWF,15,16
925,SRTC,17,680741.5575,7641704.585,MWF,15,17
926,SRTC,25,680741.5575,7641704.585,R,15,17
927,SRTC,26,680741.5575,7641704.585,T,15,17
928,SRTC,27,680741.5575,7641704.585,W,15,17
929,SRTC,20,680741.5575,7641704.585,R,16,17
930,SRTC,13,680741.5575,7641704.585,T,16,17
931,SRTC,69,680741.5575,7641704.585,TR,16,17
932,SRTC,1,680741.5575,7641704.585,W,16,17
933,SRTC,10,680741.5575,7641704.585,M,16,18
934,SRTC,42,680741.5575,7641704.585,MW,16,18
935,SRTC,20,680741.5575,7641704.585,T,16,18
936,SRTC,64,680741.5575,7641704.585,TR,16,18
937,SRTC,6,680741.5575,7641704.585,W,16,18
938,SRTC,12,680741.5575,7641704.585,M,16,20
939,SRTC,17,680741.5575,7641704.585,R,17,18
940,SRTC,14,680741.5575,7641704.585,M,17,19
941,SRTC,22,680741.5575,7641704.585,T,17,19
942,SRTC,56,680741.5575,7641704.585,W,17,19
943,SRTC,88,680741.5575,7641704.585,M,17,21
944,SRTC,98,680741.5575,7641704.585,R,17,21
945,SRTC,44,680741.5575,7641704.585,T,17,21
946,SRTC,38,680741.5575,7641704.585,W,17,21
947,SRTC,12,680741.5575,7641704.585,M,18,20
948,SRTC,62,680741.5575,7641704.585,MW,18,20
949,SRTC,9,680741.5575,7641704.585,TR,18,20
950,SRTC,10,680741.5575,7641704.585,W,18,20
951,SRTC,32,680741.5575,7641704.585,M,18,21
952,SRTC,22,680741.5575,7641704.585,R,18,21
953,SRTC,33,680741.5575,7641704.585,T,18,21
954,SRTC,15,680741.5575,7641704.585,W,18,21
955,UCB,17,680315.1892,7642847.982,MWF,9,11
956,UCB,25,680315.1892,7642847.982,TR,10,11
957,UCB,11,680315.1892,7642847.982,MWF,10,12
958,UCB,6,680315.1892,7642847.982,MW,12,13
959,UCB,11,680315.1892,7642847.982,MWF,14,15
960,UCB,13,680315.1892,7642847.982,M,16,19
961,URBN,44,680315.1892,7642847.982,TR,8,9
962,URBN,43,680315.1892,7642847.982,W,8,10
963,URBN,41,680315.1892,7642847.982,MWF,9,9
964,URBN,11,680315.1892,7642847.982,MWF,9,10
965,URBN,19,680315.1892,7642847.982,F,9,11
966,URBN,21,680315.1892,7642847.982,M,9,11
967,URBN,13,680315.1892,7642847.982,T,9,11
968,URBN,8,680315.1892,7642847.982,W,9,11
969,URBN,19,680315.1892,7642847.982,F,9,12
970,URBN,7,680315.1892,7642847.982,MW,10,11
971,URBN,97,680315.1892,7642847.982,MWF,10,11
972,URBN,147,680315.1892,7642847.982,TR,10,11
973,URBN,11,680315.1892,7642847.982,T,10,12
974,URBN,36,680315.1892,7642847.982,R,10,13
975,URBN,73,680315.1892,7642847.982,MWF,11,12
976,URBN,14,680315.1892,7642847.982,F,11,13
977,URBN,30,680315.1892,7642847.982,F,12,13
978,URBN,92,680315.1892,7642847.982,MW,12,13
979,URBN,14,680315.1892,7642847.982,MWF,12,13
980,URBN,2,680315.1892,7642847.982,R,12,13
981,URBN,16,680315.1892,7642847.982,T,12,13
982,URBN,155,680315.1892,7642847.982,TR,12,13
983,URBN,10,680315.1892,7642847.982,F,12,16
984,URBN,20,680315.1892,7642847.982,MW,13,14
985,URBN,14,680315.1892,7642847.982,M,13,15
986,URBN,22,680315.1892,7642847.982,T,13,15
987,URBN,38,680315.1892,7642847.982,W,13,15
988,URBN,82,680315.1892,7642847.982,MW,14,15
989,URBN,24,680315.1892,7642847.982,R,14,15
990,URBN,136,680315.1892,7642847.982,TR,14,15
991,URBN,2,680315.1892,7642847.982,M,15,16
992,URBN,27,680315.1892,7642847.982,M,16,17
993,URBN,13,680315.1892,7642847.982,T,16,17
994,URBN,6,680315.1892,7642847.982,M,16,18
995,URBN,24,680315.1892,7642847.982,MW,16,18
996,URBN,36,680315.1892,7642847.982,R,16,18
997,URBN,33,680315.1892,7642847.982,T,16,18
998,URBN,19,680315.1892,7642847.982,TR,16,18
999,URBN,53,680315.1892,7642847.982,W,16,18
1000,URBN,7,680315.1892,7642847.982,W,16,20
1001,URBN,40,680315.1892,7642847.982,M,17,19
1002,URBN,24,680315.1892,7642847.982,R,17,20
1003,URBN,79,680315.1892,7642847.982,M,17,21
1004,URBN,66,680315.1892,7642847.982,R,17,21
1005,URBN,47,680315.1892,7642847.982,T,17,21
1006,URBN,57,680315.1892,7642847.982,W,17,21
1007,URBN,39,680315.1892,7642847.982,T,18,21
1008,USB,8,680325.4742,7642595.264,F,10,11
1009,USB,11,680325.4742,7642595.264,T,13,13
1010,UTS,23,678770.3336,7642673.465,MWF,6,7
1011,UTS,99,678770.3336,7642673.465,MW,8,9
1012,UTS,69,678770.3336,7642673.465,TR,8,9
1013,UTS,54,678770.3336,7642673.465,MW,8,10
1014,UTS,43,678770.3336,7642673.465,MWF,9,10
1015,UTS,18,678770.3336,7642673.465,MW,9,11
1016,UTS,30,678770.3336,7642673.465,R,9,11
1017,UTS,25,678770.3336,7642673.465,W,9,11
1018,UTS,70,678770.3336,7642673.465,MW,10,11
1019,UTS,95,678770.3336,7642673.465,MWF,10,11
1020,UTS,43,678770.3336,7642673.465,T,10,11
1021,UTS,338,678770.3336,7642673.465,TR,10,11
1022,UTS,6,678770.3336,7642673.465,F,10,12
1023,UTS,46,678770.3336,7642673.465,MW,10,12
1024,UTS,17,678770.3336,7642673.465,MWF,10,12
1025,UTS,15,678770.3336,7642673.465,W,10,12
1026,UTS,36,678770.3336,7642673.465,MWF,11,12
1027,UTS,13,678770.3336,7642673.465,MW,12,13
1028,UTS,47,678770.3336,7642673.465,R,12,13
1029,UTS,60,678770.3336,7642673.465,T,12,13
1030,UTS,208,678770.3336,7642673.465,TR,12,13
1031,UTS,58,678770.3336,7642673.465,W,12,16
1032,UTS,18,678770.3336,7642673.465,M,13,14
1033,UTS,20,678770.3336,7642673.465,M,13,16
1034,UTS,8,678770.3336,7642673.465,F,13,17
1035,UTS,109,678770.3336,7642673.465,MW,14,15
1036,UTS,6,678770.3336,7642673.465,T,14,15
1037,UTS,289,678770.3336,7642673.465,TR,14,15
1038,UTS,24,678770.3336,7642673.465,W,14,15
1039,UTS,40,678770.3336,7642673.465,MW,14,16
1040,UTS,18,678770.3336,7642673.465,M,15,17
1041,UTS,32,678770.3336,7642673.465,M,16,18
1042,UTS,60,678770.3336,7642673.465,MW,16,18
1043,UTS,14,678770.3336,7642673.465,R,16,18
1044,UTS,36,678770.3336,7642673.465,T,16,18
1045,UTS,167,678770.3336,7642673.465,TR,16,18
1046,UTS,29,678770.3336,7642673.465,W,16,18
1047,UTS,7,678770.3336,7642673.465,W,16,20
1048,UTS,29,678770.3336,7642673.465,W,17,18
1049,UTS,64,678770.3336,7642673.465,T,17,19
1050,UTS,41,678770.3336,7642673.465,W,17,19
1051,UTS,52,678770.3336,7642673.465,M,17,20
1052,UTS,30,678770.3336,7642673.465,R,17,20
1053,UTS,134,678770.3336,7642673.465,M,17,21
1054,UTS,211,678770.3336,7642673.465,R,17,21
1055,UTS,56,678770.3336,7642673.465,T,17,21
1056,UTS,200,678770.3336,7642673.465,W,17,21
1057,UTS,32,678770.3336,7642673.465,MW,18,20
1058,UTS,14,678770.3336,7642673.465,R,18,20
